First Name,Last Name,Zip Code
Luci,Abraham,02394
Janett,Abresch,39120
Ian,Adelaer,07529
Brock,Aguilar,61490
Melda,Albert,58132
David,Alford,61373
Lachelle,Alford,34910
Winston,Ali,39648
Pierre,Allison,58093
Cecelia,Alvarado,05832
Lakendra,Alvarado,40468
Bruce,Alvarez,55444
Gaynelle,Amons,14576
Flo,Andrews,03638
Brady,Anokkee,37384
Angelique,Anthony,63820
Marylynn,Archer,48906
Stewart,Arias,54293
Thomas,Ariens,21993
Archie,Arroyo,68064
Colton,Arroyo,62139
Keith,Ashley,74104
Antionette,Asselaer,03212
Dave,Atkins,08922
Samantha,Atkinson,69366
Rosendo,Auderegg,16543
Angelo,Augustinus,91605
Stephenie,Augustinus,17944
Bess,Bailey,12260
Chanel,Bailey,87700
Larhonda,Baird,07100
Anneliese,Baker,31622
Rudy,Baldwin,57523
Melda,Bankhead,16529
Quentin,Barents,45290
Dora,Barlow,49748
Ehtel,Barlow,06896
Temple,Barlow,33092
Bonny,Barney,52247
Maryln,Barrera,42056
Junita,Barten,64060
Shari,Barten,80286
Corey,Bartlett,12845
Carol,Baruchi,67889
Sophie,Baruchi,80653
Anderson,Bass,32191
David,Bastiaans,78391
Ashly,Batenburg,67998
Angla,Bauw,08632
Glenna,Bavelaar,59969
Drucilla,Beach,64848
Philip,Beach,54767
Harley,Beard,85488
Tam,Bell,83038
Terrie,Bell,10385
Birgit,Benedictus,92872
Lazaro,Bengen,12666
Doyle,Benitez,62377
Berry,Benjamin,72782
Werner,Bennett,11418
Amber,Bertrand,59533
Emile,Best,95254
Markita,Beth,46988
Terri,Beth,61501
Tyler,Beth,10469
Wally,Bieren,07805
Vernon,Bijl,74422
Felica,Bilt,78353
Jennell,Bilt,03766
Xavier,Black,27396
Candis,Blackwell,11483
Antony,Blair,91599
Audrey,Blake,13406
Song,Blanchard,26263
Ali,Blankenship,22285
Maia,Blankenship,34054
Daren,Bleeker,74335
Shanda,Bleeker,25816
Wesley,Bletz,75321
Phyllis,Blevins,27173
Dino,Bloem,77893
Howard,Boltendal,90488
Kandi,Boltendal,66592
Christian,Bond,00144
Myriam,Bonouvrie,19908
Larry,Boogaard,88059
Hugo,Booker,21323
Derick,Booth,44467
Cody,Bosschaart,85162
Derek,Bowers,07740
Vicente,Boyle,85986
Latia,Bradford,47511
Sharon,Bradford,28368
Sandy,Bradshaw,99523
Alex,Brady,93332
Karlene,Brady,61613
Clement,Braun,14421
Anamaria,Bray,22986
Maisha,Brennan,39687
Olivia,Brewer,92302
Andy,Bright,29724
Rachel,Brink,85708
Tashina,Broers,29119
Dorine,Brooks,84906
Manda,Brooks,29207
Pierre,Brouwer,98906
Susannah,Brouwer,07321
Hugo,Brown,32974
Chrystal,Browning,74491
Allan,Brownlie,67694
Clementina,Bruce,93803
Dudley,Brugman,31064
Abraham,Bryan,42774
Percy,Buchanan,17824
Rosamaria,Buck,54810
Vena,Buck,88889
Coleman,Buckley,17498
Joesph,Buddingh,92623
Marlena,Buitenweg,88709
Trent,Buitenweg,83663
Robert,Buning,24287
Danilo,Burghout,13447
Chantay,Burris,44397
Cecil,Burt,70976
Tyler,Bush,52128
Kristopher,Butler,77665
Samuel,Butler,64982
Tasha,Butler,46808
Micheal,Cain,58293
Etsuko,Calderon,94487
Julieta,Caldwell,51411
Brunilda,Calhoun,98025
Jaimee,Callander,50855
Brice,Cantrell,89766
Reva,Cardenas,40383
Karin,Carey,06367
Bernie,Carney,97503
Philip,Carr,55920
Melvin,Carter,56287
Crissy,Carver,56902
Christal,Cash,71650
Kellye,Castaneda,51800
Albertha,Chaney,69538
Gaylord,Chang,31686
Malvina,Chapman,73294
Kirk,Chase,95110
Diane,Chayah,07932
Thresa,Cherry,92686
Latia,Christensen,31823
Tyron,Christensen,96958
Hobert,Claes,17695
Tomi,Claes,34007
Eloy,Clark,55486
Shawna,Clark,06640
Luther,Clayton,54538
Wilmer,Cleijn,01159
Bud,Clemons,63062
Hal,Cleveland,74883
Chuck,Cochran,84572
Bill,Collier,70874
Maryanne,Collier,91233
Penni,Collier,47453
Nickole,Collins,05566
Salome,Colon,54926
Marquis,Combs,59703
Lyda,Compton,98311
Manuel,Conley,95885
Wilton,Conway,66101
Emil,Cooper,21597
Katie,Cooper,89743
Daine,Copeland,79201
Madonna,Copeland,86426
Valeria,Copeland,78095
Jerri,Cote,97304
Dante,Cotton,39585
Corey,Cowan,49746
Guillermo,Cowan,24863
Claud,Cox,39606
Guy,Crawford,38935
Clemencia,Crosby,12806
Georgie,Crosby,21632
Madlyn,Cuevas,72044
Tiana,Cuevas,23895
Mallie,Dale,71077
Donnette,Daniel,78393
Micki,Daniel,61212
Debrah,Daniels,30585
Leslee,Daniels,73662
Sandy,Daniels,98678
Jay,Davies,95360
Camilla,de Blanck,52645
Diann,de Boer,32128
Gerry,de Boon,55722
Kiara,de Bouter,42042
Adina,de Bruin,02635
Mahalia,de Bruin,98359
Chae,de Graaf,58375
Alva,de Jager,43222
Cheryll,de Kock,12950
Kendal,de Kock,44266
Loyd,de Leeuw,87717
Malvina,de Looss,84458
Elias,de Prijs,37244
Irving,de Rooy,61740
Tula,de Wolf,16477
Valorie,de Wolf,49750
Claudette,Dekking,30936
Charley,Deleon,55591
Buck,Delgado,36027
Cary,Dennis,50234
Toney,Dillard,56097
Ernie,Dillon,83071
Waylon,Dixon,93470
Elton,Dominguez,24056
Emelda,Donaldson,98390
Louie,Donkerkaat,26093
Hillary,Dons,56819
Eloy,Doorn,40434
Jarrett,Doorn,63815
Gidget,Dorrepaal,20078
Bud,Douglas,02023
Velda,Drake,39141
Winford,Druppers,32391
Jason,Duarte,23799
Ruthann,Dudley,10204
Sherilyn,Dudley,23408
Herschel,Duif,92946
Artie,Duijn,70287
Christel,Duijn,12264
Crysta,Duijn,33145
Audry,Duke,79176
Branden,Duke,22050
Glory,Eaton,53584
Sung,Efdee,13178
Darrell,Eijben,10489
Jerlene,Eijben,09193
Larraine,England,29419
Chris,English,49069
Edgar,English,38001
Edgar,Erickson,80802
Elina,Espinoza,46505
Bethany,Estes,45514
Ela,Estes,42009
Chere,Ett,64982
Tamiko,Ett,51347
Chuck,Evans,71394
Cruz,Everaars,18116
Morton,Everett,11502
Maude,Ewing,96693
Geneva,Farmer,33598
Tasha,Felt,27460
Neva,Ferdinandus,98646
Angelo,Ferrell,28936
Maximo,Fields,99875
Royce,Fields,95943
Roma,Finch,03185
Abdul,Finley,44220
Minda,Fleming,91533
Florentino,Flips,28336
Hiedi,Flores,07189
Merle,Forbes,42833
Beau,Ford,33529
Latasha,Ford,46188
Ute,Foreman,04132
Isaiah,Fowler,46456
Delbert,Fraenkel,99133
Dexter,Francis,38684
Gaylord,Franco,22485
Noelle,Franco,70551
Mignon,Franks,77520
Cleveland,Frazier,55731
Hedy,Frazier,39550
Bea,Frederick,60936
Tyler,Frederick,62846
Julio,Freeman,25375
Melani,French,68600
Shaun,Frieber,28488
Woodrow,Fritz,82053
Ramon,Froemke,36106
Lanette,Frost,65862
Yong,Fry,92670
Aurora,Fuentes,22923
Eugene,Fuller,25828
Logan,Fuller,40499
Alejandro,Gaines,36159
Sheridan,Gaines,40237
Boris,Galloway,11636
Darius,Gardener,45616
Adriane,Garner,56390
Christie,Garner,22742
Denis,Gates,18159
Danica,Gendringen,13246
Virgie,George,49684
Tawana,Gibson,79029
Fidel,Gilbert,73679
Cecil,Gilberts,53067
Reba,Gilberts,71691
Franklyn,Gilliam,32956
Lucie,Gilliam,47740
Kevin,Gilmore,03404
Forest,Glenn,68307
Blake,Goes,95008
Venice,Goes,40624
Derrick,Goff,97048
Jesus,Goldbaum,53669
Karolyn,Gomez,28287
Marcus,Gomez,87619
Shaneka,Gomez,32425
Korey,Good,58763
Beverlee,Goodman,57023
Shanti,Goodman,75984
Cherri,Goossen,98426
Keneth,Gould,78266
Willa,Grandia,44617
Renato,Graves,76536
Dionne,Green,58946
Andre,Greene,61317
Eugenio,Griffin,89943
Cammy,Grijns,04431
Marquis,Grijns,60085
Odell,Groenewout,12219
Charmain,Groot,64025
Maisha,Groot,53222
Linwood,Gross,47378
Antonina,Guerts,68399
Ernie,Guzman,82641
Jen,Guzman,71009
Renata,Guzman,06435
Miguel,Hall,38170
Rikki,Hall,85850
Britt,Hallen,69877
Lynetta,Hammond,43331
Virgilio,Hammond,13801
Danial,Haney,68407
Mikaela,Hanna,17762
Karry,Hansen,34050
Chase,Hardin,43248
Werner,Hardin,30320
Irwin,Harding,02698
Jim,Hartog,63100
Katlyn,Hayden,59272
Earl,Hays,73210
Pia,Heijn,77545
Santo,Heijn,09668
Carey,Heineke,71237
Shena,Hemen,83738
Thaddeus,Henckes,97654
Yuonne,Henderson,38672
Carline,Hendricks,36964
Sanora,Hendricks,43471
Flavia,Hendrickx,95526
Charley,Henry,71967
Keli,Henry,42032
Sanford,Henson,28799
Loma,Herfkens,72608
Caleb,Hernandez,85795
Jarrett,Hester,13427
Simon,Hey,65871
Edwardo,Hodges,27457
Reginald,Hogendoorn,19193
Melani,Hol,51652
Jordan,Holcomb,46947
Eugene,Holden,89271
Travis,Holden,58828
Yong,Holden,50292
Marina,Hoogerwerf,10639
Jina,Hoover,47405
Devora,Hopkins,17068
Addie,Horton,00479
Dong,Horton,43743
Santiago,Horton,44401
Kristel,Howard,06849
Loriann,Howell,80281
Theo,Howell,77780
Elenor,Hoyuers,52777
Rudolf,Huang,06682
Jalisa,Huber,85915
Alona,Hughes,39083
Eliseo,Huig,61337
Tricia,Hulshof,86070
Cortney,Hunt,84040
Ismael,Hunter,09804
Sandee,Hunter,84257
Clark,Huynh,44446
Exie,Huynh,41571
Florentino,Huynh,00429
Aleta,Hyde,41614
Golden,Hyde,24003
Vaughn,Ibarra,28010
Preston,Immertsen,26979
Evelynn,Ingram,25549
Efren,Jacobson,74285
Maggie,James,36601
Hoa,Jansdr,01431
Lakeshia,Jansz,62577
Sal,Jaspers,19102
Antonio,Jefferson,09827
Barton,Jefferson,76794
Jammie,Jefferson,84010
Stefan,Jefferson,29951
Lorinda,Jenkins,79340
Shellie,Jensen,52871
Eun,Jimenez,41819
Isiah,Jimenez,02849
Helga,Jongejans,06996
Milton,Jongejans,29538
Susannah,Jongejans,10084
Harvey,Joosten,32066
Debora,Joris,45527
Michal,Joris,74304
Mohammad,Joris,83310
Clay,Joyner,61212
Elois,Joyner,06051
Louis,Joyner,03478
Wayne,Jurriaens,36786
Kieth,Justice,79930
Landon,Justice,05326
Rory,Kam,66559
Mellissa,Kastelein,01002
Genevieve,Kat,98941
Norberto,Kat,38853
Myesha,Keller,23305
Clint,Kelly,09197
Geraldo,Kerkhof,38531
Maryln,Kerkum,38861
Mel,Kerkum,84008
Carter,Kidd,70890
Micki,Kirkland,07732
Adalberto,Klaasz,10582
Gaston,Klapmuts,81377
Anibal,Kleijn,94434
Eugene,Klink,18916
Ollie,Klink,18735
Karisa,Klokman,30078
Samuel,Knapp,27079
Arnoldo,Knegjens,95244
Bradley,Knight,32826
Angelo,Koch,32984
Phylicia,Koch,80790
Lori,Kock,77835
Taryn,Koeleman,41503
August,Koetsier,09703
Keitha,Kofoed,77183
Anisa,Koopman,87492
Winnifred,Koopman,29101
Juan,Koorn,20342
Marquita,Kotting,04804
Charleen,Krause,06688
Tuan,Krause,35818
Jerrell,Krekel,28327
Doretha,Krom,27789
Garth,Krom,83327
Johnny,Kuchler,29994
Suzan,Kuchler,52332
Joleen,Kuklinski,56838
Jamel,Lambert,08150
Stasia,Lammers,78293
Dirk,Lancaster,00395
Ligia,Lang,59190
Jeramy,Laponder,01994
Krystin,Lara,79321
Felix,Laus,61271
Joel,Laus,88330
Genaro,Le,55490
Neomi,Leblanc,15189
Michael,Lee,79754
Rhiannon,Lee,07481
Mariela,Leeuwenstein,06583
Chassidy,Lelyveld,03148
Marion,Lemmers,43991
Elijah,Leon,20730
Sang,Leon,24512
Boyce,Leonard,76786
Carissa,Lester,38139
Dorothy,Levine,35832
Isidra,Limmink,03573
Leesa,Lin,17437
Ailene,Lindsay,08282
Amado,Lindsey,84831
Mohammed,Lorentz,48786
Laureen,Lorgion,71207
Omar,Lott,34392
Josiah,Louris,53187
Chantell,Lowery,58548
Joelle,Lowery,11975
Berenice,Lozano,47330
Eliana,Lozano,48852
Lanie,Lozano,92808
Arthur,Lucas,50034
Jeff,Lucero,46239
Jolie,Lukasse,90158
Kory,Lukasse,69393
Jerald,Luke,70216
Rolland,Luke,66000
Libby,Luna,76702
Willa,Lynch,90649
Melia,Lynn,10935
Chere,Macdonald,69301
Judy,Macias,01184
Sidney,Macias,62396
Tim,Maddox,57730
Wilber,Malone,98187
Monserrate,Manning,11712
Steven,Marshall,65237
Whitley,Mata,18543
Coy,Maxwell,79586
Dwain,Maxwell,21282
Sherlene,Mayer,99617
Ramona,Maynard,07656
Eugene,Mccann,23065
Derick,Mccarthy,96297
Florrie,Mcclure,06719
Dale,Mcconnel,65325
Basil,Mcgowan,95213
Charleen,Mcgowan,48565
Delmer,Mcgowan,12584
Harriett,Mcgrath,41344
Onita,Mcgrath,94155
Ursula,Mcguire,70521
Clyde,Mckay,50054
Sung,Mckay,12073
Bertram,Mckinney,06206
Diedre,Mcknight,95049
Mitsue,Mclaughlin,84792
Stephan,Mclaughlin,06673
Shari,Mclean,89791
Suzy,Mcleod,07356
Rodger,Mcmahon,63349
Wanetta,Mcmahon,45961
Dede,Mcmillan,14706
Salvador,Meadows,45059
Liane,Medina,05262
Hollis,Mees,08527
Julietta,Mees,32936
Roselia,Mees,45517
Catherine,Meewisse,50664
Brent,Melton,28346
Joe,Melton,03840
Harriett,Mendelaar,40837
Jerrod,Mendelaar,74177
Libby,Mendez,09652
Veronika,Mercer,11683
Hollis,Meyer,51843
Shirleen,Meyer,95119
Hollis,Meza,43657
Deanna,Michael,00694
Kali,Michael,12862
Edmund,Miles,66833
Emerson,Miles,09944
Kendrick,Miranda,36023
Zora,Miranda,14516
Margrett,Mitchell,49598
Perry,Mol,79267
Zackary,Molenaar,66466
Julian,Monroe,46266
Altagracia,Montes,31900
Ebony,Montes,55237
Greg,Mooij,65012
Vernon,Mooij,33224
Ezequiel,Moon,24103
Darren,Mooney,51400
Francis,Moore,44212
Marg,Moore,17297
Barbara,Mora,24511
Clementina,Moran,07205
Michaele,Moreno,39475
Stuart,Morrison,75937
Werner,Morrison,08997
Marisha,Morrow,98092
Hien,Moses,41999
Dustin,Mosley,72471
Josephina,Mosley,30362
Denis,Moss,01780
Cammy,Mueller,89772
Winter,Mueller,59941
Clinton,Muijs,53853
Colin,Munnickhuijsen,93404
Lydia,Munoz,96945
Dawne,Murillo,18524
Arcelia,Nap,98416
Bryant,Navarro,82020
Bradly,Neal,39487
Emilee,Nedermyer,82989
Phil,Nedermyer,98470
Ty,Neville,09790
Dustin,Nichols,33886
Magali,Nichols,67254
Birdie,Nielsen,60609
Boyce,Nielsen,23115
Randy,Nielsen,07406
Leslie,Noble,39963
Jayson,Nooteboom,29002
Kaila,Nooteboom,87550
Nathanial,Norman,74838
Lucio,Nort,14920
Valentin,Norton,66375
Jackelyn,Noyen,28610
Merrill,Nunez,88248
Enoch,Oconnell,25753
Jamar,Odonnell,35629
Paris,Odonnell,71647
Karen,Olsen,63998
Shane,Olsen,64619
Carmon,Oneil,26299
Katherin,Oosthuijzen,67104
Serita,Oosthuijzen,30509
Lilia,Orozco,98213
Lyndsay,Otten,67412
Elijah,Otto,79490
Maura,Otto,50234
Callie,Ousen,06117
Estela,Ousen,94299
Sheree,Ousen,92167
Wally,Ouwelandt,49293
Georgiann,Owen,98940
Keith,Page,36697
Virgil,Palmer,00168
Gabrielle,Palsgraaf,19582
Freeman,Panneboeter,33540
Bennett,Parent,13834
Donnell,Parent,49502
Lonny,Parks,09417
Lincoln,Parrish,97264
Randi,Parsons,05910
Ramon,Pate,85022
Merlin,Patterson,64308
Lorri,Patton,04400
Herman,Paul,96848
Somer,Paul,10181
Eun,Peled,12762
Dale,Pena,86803
Marcy,Pennington,75411
Lizeth,Perdon,66676
Tammera,Perdon,34822
Perry,Perez,17852
Prudence,Perkins,01728
Carleen,Perry,63400
Sang,Perry,76171
Elana,Peterson,23421
Janiece,Pham,06107
Marilynn,Phelps,68910
Jarod,Pieters,40216
Katherine,Pieters,28943
Kenny,Pietersen,26793
Kortney,Pik,43214
Maryln,Pittman,05791
Ilda,Plateel,00587
Nikia,Plateel,17951
Beulah,Pols,90350
Rosemary,Pols,39805
Fletcher,Ponce,86210
Michel,Porter,19876
Brian,Pos,32163
Gilbert,Potts,74312
Patrick,Potts,35086
Vicente,Powers,27841
Jamaal,Pratt,58615
Deetta,Prijs,88273
Sanda,Pruitt,92670
Mohammed,Puckett,56977
Joni,Pudney,84894
Lisandra,Pudney,81907
Doloris,Ramirez,95992
Sharen,Ramirez,32738
Priscilla,Ramos,99830
Fabian,Ramsey,07704
Donnetta,Randolph,67221
Delora,Ratliff,10443
Alexander,Reeves,19754
Mikel,Reeves,97154
Amado,Reid,51739
Minnie,Reijmerrs,02663
Elenora,Renes,51224
Samual,Renville,47697
Jacinto,Richardson,97608
Tommie,Richardson,44833
Bennett,Riddle,00554
Jeffery,Rijnberk,91402
Lavette,Rijnberk,43220
Elliott,Rios,49769
Sherman,Ris,09717
Alonso,Rivas,81779
Mandie,Roberson,19821
Maynard,Roberson,17531
Tyson,Robertson,39146
Glynis,Robles,62057
Corrie,Roman,70001
Crista,Romero,83868
Brenda,Roodnat,37098
Derrick,Rosales,24752
Leanora,Rosales,92499
Thad,Rosales,07724
Rhett,Rose,82369
Everette,Rosieu,85431
Leo,Rosieu,43098
Marita,Rosieu,13459
Scotty,Rosieu,84191
Yoshie,Rossum,90325
Bruno,Rouffaer,71665
Rene,Rowe,05773
Leopoldo,Roy,88882
Jarred,Rubio,29370
Latrice,Rudlin,10781
Luisa,Rudlin,96023
Refugia,Rudlin,45140
Bob,Ruiz,12430
Weldon,Rush,28116
Mickey,Rutledge,76167
Rubin,Salas,91656
Beatrice,Sam,61246
Rufina,Sampson,35004
Cordelia,Sanchez,43607
Armando,Sanford,16308
Jackeline,Santana,51037
Jim,Santana,57267
Jan,Santiago,99013
Otto,Santiago,15465
Antone,Saunders,10813
Boyd,Savage,18747
Teofila,Savelkoel,92907
Darin,Savvas,28116
Matthew,Schaefer,74680
Fidel,Schilp,91482
Jonathon,Schmidt,97721
Angelo,Schmitt,69687
Yoshiko,Schmitt,19965
Raquel,Schouten,28562
Jere,Schrijvers,27904
Damian,Schroeder,40662
Alejandro,Schut,91977
Moises,Schut,96382
Carey,Schutter,52743
Jeremiah,Schutter,58901
Osvaldo,Schwartz,59098
Hershel,Sechel,19927
Rosaria,Sexton,60692
Aurore,Shea,32541
Isobel,Shepherd,43415
Mira,Sheppard,03897
Marcos,Sherman,82576
Alla,Shields,14747
Arron,Shields,27313
Son,Shields,28474
Kellie,Silva,50704
Noel,Silva,95710
Jannet,Simons,40467
Neal,Sims,40285
Marlin,Singh,54569
Michaele,Singh,23654
Rodger,Singh,06061
Val,Singh,08165
Noelle,Sloan,82633
Brady,Sloof,59412
Shauna,Slot,11753
Krissy,Small,72439
Lester,Smith,74787
Demarcus,Smits,49279
Faith,Smits,56701
Annabelle,Snuif,20241
Shawn,Snuif,48761
Ethelene,Snuyff,00043
Gonzalo,Snuyff,73244
Solomon,Soet,92496
Despina,Sol,35444
Hellen,Solis,34144
Rema,Sparks,52814
Lovie,Spee,06167
Maryanna,Spee,48499
Joellen,Spijker,04094
Altha,Stafford,08052
Jacqueline,Stafford,84861
Ismael,Stam,45816
Shantay,Stam,56853
Domenic,Stanley,73682
Ambrose,Steele,60299
Bettye,Steenis,02348
Dong,Steenis,44698
Shanae,Steenis,23854
Terrence,Steenis,43736
Fredric,Stephenson,29443
Rickey,Stephenson,48965
Rodger,Stevenson,77362
Oscar,Stofberg,69957
Tomasa,Stofberg,95792
Winnifred,Stokes,29669
Maura,Stone,35866
Bianca,Stuart,09979
Odis,Sweeney,11395
Wonda,Sweet,74303
Antwan,Sykes,63299
January,Symons,31456
Chase,Tapia,22451
Levi,Taylor,51401
Nora,Teerink,20417
Eldridge,Terrell,91094
Jed,Terry,74185
Hilario,Terweij,03657
Evette,Thomas,54519
Geralyn,Thomson,78679
Annis,Tjerks,62416
Jenette,Tjerks,61422
Katrice,Toorn,31428
Brigida,Tran,13994
Homer,Travis,34576
Tyler,Tucker,47368
Garfield,Udo,70342
Janelle,Udo,29386
Terisa,Udo,48969
Asia,Underwood,08163
Lillie,Valdez,61124
Contessa,Valencia,37360
Quinn,Valencia,40748
Senaida,Valentine,77079
Junior,van Asch,41926
Oscar,van Asch,67406
Grady,van Baal,77240
Roberto,van Baal,47942
Rickey,van Barneveld,20193
Everette,van Beggendorp,25850
Bee,van Bekkum,93002
Kendall,van Bern,93804
Milly,van Bern,07482
Kitty,van Blootenburgh,89792
Rashad,van Blootenburgh,42539
Sid,van Blootenburgh,49486
Lavera,van Bolswaerd,40070
Geralyn,van Brummelen,54074
Owen,van Brummelen,52122
Edgar,van Dalum,83992
Sidney,van Dalum,00600
Rodger,van De haas,76982
Sanford,van De haas,41749
Isaura,van der Beek,30898
Trey,van der Beek,36942
Gracie,van der Griend,23818
Moshe,van der Horst,49277
Annalee,van der Kaay,03618
Napoleon,van der Kaay,71810
Bruno,van der Klugt,42307
Erich,van der Klugt,23275
Gwenda,van der Lip,52657
Perry,van der Lip,98957
Ardath,van der Lugt,83972
Contessa,van der May,64927
Arturo,van der Pauw,53973
Derrick,van der Pauw,68287
Shavon,van der Pauw,88637
Shasta,van der Pijl,77317
Leia,van der Zaan,61745
Anjelica,van Dijk,54310
Jeniffer,van Dijk,52915
Chauncey,van Dillewijn,23826
Carolann,van Eck,71297
Malissa,van Egmond,06065
Barrett,van Ekelenburg,50842
Peter,van Ekelenburg,97596
Lashawn,van Eldik,60317
Tyler,van Eldik,94582
Easter,van Emmerik,83202
Beau,van Es,36609
Rachele,van Es,27159
Ebonie,van Esch,15441
Josue,van Essevelt,80110
Morton,van Everdingen,56396
Lashon,van Gemeren,88371
Teri,van Gendringen,71839
Shalon,van Gessel,47560
Gerda,van Gravendijk,66420
Kerri,van Gravendijk,75804
Mauro,van Harn,85185
Altha,van Hattum,54549
Shad,van Het kaar,77966
Rolf,van Hoften,60851
Aldo,van Jolenbroek,47761
Alisha,van Keulen,28927
Keiko,van Kouwenhove,26458
Ivan,van Krieken,09321
Marc,van Luyn,44109
Nena,van Maurik,11757
Nora,van Mourik,77609
Connie,van Neure,40227
Lyndon,van Niekerk,13566
Rheba,van Nijenhuis,08938
Gerry,van Nulck,05378
Lyndon,van Ommeren,21537
Clifford,van Osch,80121
Fonda,van Piggelen,45288
Cesar,van Riemsdaijk,35327
Emely,van Rijn,25797
Lou,van Rijn,87242
Harry,van Rorincx,84822
Brad,van Rosmalen,08070
Denny,van Rosmalen,12159
Marlys,van Rossum,48894
Neal,van Roy,32289
Kristopher,van Selm,03272
Meda,van Selm,38198
Fran,van Setten,26756
Starla,van Soest,24881
Sebastian,van Staveren,46048
Monnie,van Steenbergen,48928
Franklyn,van Steenis,85925
Quinn,van Steenis,63623
Christian,van Steyn,46549
Werner,van Stockum,59645
Cristal,van Triest,03097
Fernando,van Voorne,24158
Cedric,van Waey,53651
Grady,van Waey,16860
Hortense,van Wankum,36459
Bart,van Welij,33871
Denna,van Wely,55279
Denice,van Westerveld,45837
Wyatt,van Westhrenen,39346
Earl,van Zijderveld,67117
Matha,van Zwieten,21052
Delma,Vedder,09186
Barry,Veenhof,62866
Rogelio,Vega,96748
Willia,Velazquez,15848
Val,Veldman,87293
Zora,Verbruggen,92910
Page,Verhoef,18130
Deidra,Verkerk,82494
Danial,Verkuijl,72751
Meridith,Verkuijl,65015
Bruce,Vermeulen,46037
Jasmin,Vermeulen,60660
Ollie,Vermeulen,84265
Douglass,Verrips,30635
Elidia,Vesters,56382
Eusebio,Vesters,75605
Barbara,Villarreal,27677
Ollie,Villarreal,63921
Roma,Villarreal,22900
Regan,Vonck,07673
Alida,Vorberg,87234
Krysta,Vos,09660
Lizette,Vos,33197
Salvador,Wade,00595
Troy,Wade,48530
Fermina,Wagner,16467
Joey,Wallace,52461
Gerry,Walsh,03906
Jana,Walters,75358
Lance,Walton,69140
Gerry,Wammes,13779
Mavis,Ware,25101
Zita,Waters,73552
Derick,Watkins,77949
Lanny,Watts,63023
Julius,Weaver,75892
Otis,Webb,25315
Santos,Weber,50392
Skye,Weeda,74118
Carter,Weir,45789
Samuel,Weir,81625
Fay,Welch,53594
Clement,West,37183
Esta,Wheeler,41587
Fernando,Wheeler,04681
Eleanor,White,03743
Oswaldo,White,70793
Roxann,Whitfield,17669
Tristan,Whitfield,13288
Gale,Whitley,00719
Marnie,Whitley,66538
Lorie,Wiggins,29588
Fernando,Wijkniet,93005
Silvia,Wijkniet,32883
Jaime,Wilkinson,48326
Mercedez,Wilkinson,01815
Alejandrina,Willems,13629
Dwain,Willems,75349
Joyce,Willet,69539
Arlen,Wintershoven,85599
Brigette,Wissink,98837
Shira,Witt,35667
Jen,Woerst,36719
Jesus,Woerst,73080
Mohammad,Woerst,38440
Trevor,Wolfe,36909
Julieann,Wolff,01133
Melia,Woods,54738
Merlene,Wooldrik,19158
Tuan,Wright,62312
Cesar,Wu,91044
Derrick,Wu,21460
Ward,Wynn,56216
Dallas,Yoder,99033
Laurence,York,96278
Setsuko,York,19236
Kasey,Young,93797
Claudie,Yu,99476
Miki,Yu,95429
Don,Zimmerman,30404
Rob,Zuniga,95450
Derek,Zwanenburg,16592
Gaynell,Zwanenburg,45090
Nora,Zwanenburg,88182
